 ,product_name,product_price,product_link,product_ram
1,"apple iphone 13 (starlight, 128 gb)","₹52,999",https://www.flipkart.com/apple-iphone-13-starlight-128-gb/p/itmc9604f122ae7f?pid=MOBG6VF5ADKHKXFX&lid=LSTMOBG6VF5ADKHKXFXBT5ONJ&marketplace=FLIPKART&q=iphone+13+128+GB+4+GB&store=tyy%2F4io&srno=s_1_1&otracker=search&otracker1=search&fm=organic&iid=59706d20-b148-40ec-a8ea-84e0c3ef3f16.MOBG6VF5ADKHKXFX.SEARCH&ppt=None&ppn=None&ssid=psg8ucetz40000001719166179092&qH=817463f805dcb246,128 gb rom15.49 cm (6.1 inch) super retina xdr display12mp + 12mp | 12mp front cameraa15 bionic chip processorbrand warranty for 1 year
2,"apple iphone 13 (pink, 128 gb)","₹52,999",https://www.flipkart.com/apple-iphone-13-pink-128-gb/p/itm6e30c6ee045d2?pid=MOBG6VF5GXVFTQ5Y&lid=LSTMOBG6VF5GXVFTQ5YIPHO6N&marketplace=FLIPKART&q=iphone+13+128+GB+4+GB&store=tyy%2F4io&srno=s_1_2&otracker=search&otracker1=search&fm=organic&iid=59706d20-b148-40ec-a8ea-84e0c3ef3f16.MOBG6VF5GXVFTQ5Y.SEARCH&ppt=None&ppn=None&ssid=psg8ucetz40000001719166179092&qH=817463f805dcb246,128 gb rom15.49 cm (6.1 inch) super retina xdr display12mp + 12mp | 12mp front cameraa15 bionic chip processorbrand warranty for 1 year
3,"apple iphone 13 (blue, 128 gb)","₹52,999",https://www.flipkart.com/apple-iphone-13-blue-128-gb/p/itm6c601e0a58b3c?pid=MOBG6VF5SMXPNQHG&lid=LSTMOBG6VF5SMXPNQHGTJUCOX&marketplace=FLIPKART&q=iphone+13+128+GB+4+GB&store=tyy%2F4io&srno=s_1_3&otracker=search&otracker1=search&fm=organic&iid=59706d20-b148-40ec-a8ea-84e0c3ef3f16.MOBG6VF5SMXPNQHG.SEARCH&ppt=None&ppn=None&ssid=psg8ucetz40000001719166179092&qH=817463f805dcb246,128 gb rom15.49 cm (6.1 inch) super retina xdr display12mp + 12mp | 12mp front cameraa15 bionic chip processorbrand warranty for 1 year
4,"apple iphone 13 (midnight, 128 gb)","₹52,999",https://www.flipkart.com/apple-iphone-13-midnight-128-gb/p/itmca361aab1c5b0?pid=MOBG6VF5Q82T3XRS&lid=LSTMOBG6VF5Q82T3XRSOXJLM9&marketplace=FLIPKART&q=iphone+13+128+GB+4+GB&store=tyy%2F4io&srno=s_1_4&otracker=search&otracker1=search&fm=organic&iid=59706d20-b148-40ec-a8ea-84e0c3ef3f16.MOBG6VF5Q82T3XRS.SEARCH&ppt=None&ppn=None&ssid=psg8ucetz40000001719166179092&qH=817463f805dcb246,128 gb rom15.49 cm (6.1 inch) super retina xdr display12mp + 12mp | 12mp front cameraa15 bionic chip processorbrand warranty for 1 year
5,"apple iphone 13 (green, 128 gb)","₹52,999",https://www.flipkart.com/apple-iphone-13-green-128-gb/p/itm18a55937b2607?pid=MOBGC9VGSU9DWGJZ&lid=LSTMOBGC9VGSU9DWGJZUXUVYB&marketplace=FLIPKART&q=iphone+13+128+GB+4+GB&store=tyy%2F4io&srno=s_1_5&otracker=search&otracker1=search&fm=organic&iid=59706d20-b148-40ec-a8ea-84e0c3ef3f16.MOBGC9VGSU9DWGJZ.SEARCH&ppt=None&ppn=None&ssid=psg8ucetz40000001719166179092&qH=817463f805dcb246,128 gb rom15.49 cm (6.1 inch) super retina xdr display12mp + 12mp | 12mp front cameraa15 bionic chip processorbrand warranty for 1 year
6,"apple iphone 13 (blue, 256 gb)","₹62,999",https://www.flipkart.com/apple-iphone-13-blue-256-gb/p/itmd68a015aa1e39?pid=MOBG6VF566ZTUVFR&lid=LSTMOBG6VF566ZTUVFR2RQLVU&marketplace=FLIPKART&q=iphone+13+128+GB+4+GB&store=tyy%2F4io&srno=s_1_6&otracker=search&otracker1=search&fm=organic&iid=59706d20-b148-40ec-a8ea-84e0c3ef3f16.MOBG6VF566ZTUVFR.SEARCH&ppt=None&ppn=None&ssid=psg8ucetz40000001719166179092&qH=817463f805dcb246,256 gb rom15.49 cm (6.1 inch) super retina xdr display12mp + 12mp | 12mp front cameraa15 bionic chip processorbrand warranty for 1 year
7,"apple iphone 13 (pink, 256 gb)","₹62,999",https://www.flipkart.com/apple-iphone-13-pink-256-gb/p/itmc5ee8ec6cd737?pid=MOBG6VF5XAMZ2FKX&lid=LSTMOBG6VF5XAMZ2FKX59OYTD&marketplace=FLIPKART&q=iphone+13+128+GB+4+GB&store=tyy%2F4io&srno=s_1_7&otracker=search&otracker1=search&fm=organic&iid=59706d20-b148-40ec-a8ea-84e0c3ef3f16.MOBG6VF5XAMZ2FKX.SEARCH&ppt=None&ppn=None&ssid=psg8ucetz40000001719166179092&qH=817463f805dcb246,256 gb rom15.49 cm (6.1 inch) super retina xdr display12mp + 12mp | 12mp front cameraa15 bionic chip processorbrand warranty for 1 year
8,"apple iphone 13 (midnight, 256 gb)","₹62,999",https://www.flipkart.com/apple-iphone-13-midnight-256-gb/p/itmfa27e6497b641?pid=MOBG6VF5AJGQ6HHE&lid=LSTMOBG6VF5AJGQ6HHEIDDQMK&marketplace=FLIPKART&q=iphone+13+128+GB+4+GB&store=tyy%2F4io&srno=s_1_8&otracker=search&otracker1=search&fm=organic&iid=59706d20-b148-40ec-a8ea-84e0c3ef3f16.MOBG6VF5AJGQ6HHE.SEARCH&ppt=None&ppn=None&ssid=psg8ucetz40000001719166179092&qH=817463f805dcb246,256 gb rom15.49 cm (6.1 inch) super retina xdr display12mp + 12mp | 12mp front cameraa15 bionic chip processorbrand warranty for 1 year
9,"apple iphone 13 ((product)red, 256 gb)","₹62,999",https://www.flipkart.com/apple-iphone-13-product-red-256-gb/p/itme239bd6bf6934?pid=MOBG6VF5DYJ3GBZH&lid=LSTMOBG6VF5DYJ3GBZHPVIDIF&marketplace=FLIPKART&q=iphone+13+128+GB+4+GB&store=tyy%2F4io&srno=s_1_9&otracker=search&otracker1=search&fm=organic&iid=59706d20-b148-40ec-a8ea-84e0c3ef3f16.MOBG6VF5DYJ3GBZH.SEARCH&ppt=None&ppn=None&ssid=psg8ucetz40000001719166179092&qH=817463f805dcb246,256 gb rom15.49 cm (6.1 inch) super retina xdr display12mp + 12mp | 12mp front cameraa15 bionic chip processorbrand warranty for 1 year
10,"apple iphone 13 (starlight, 256 gb)","₹62,999",https://www.flipkart.com/apple-iphone-13-starlight-256-gb/p/itm37b8de852304e?pid=MOBG6VF5NFYJ8KQX&lid=LSTMOBG6VF5NFYJ8KQX7FK2GA&marketplace=FLIPKART&q=iphone+13+128+GB+4+GB&store=tyy%2F4io&srno=s_1_10&otracker=search&otracker1=search&fm=organic&iid=59706d20-b148-40ec-a8ea-84e0c3ef3f16.MOBG6VF5NFYJ8KQX.SEARCH&ppt=None&ppn=None&ssid=psg8ucetz40000001719166179092&qH=817463f805dcb246,256 gb rom15.49 cm (6.1 inch) super retina xdr display12mp + 12mp | 12mp front cameraa15 bionic chip processorbrand warranty for 1 year
11,"apple iphone 13 (green, 256 gb)","₹62,999",https://www.flipkart.com/apple-iphone-13-green-256-gb/p/itm14914e5e84473?pid=MOBGC9VGPXQNTXDW&lid=LSTMOBGC9VGPXQNTXDWMOPMCI&marketplace=FLIPKART&q=iphone+13+128+GB+4+GB&store=tyy%2F4io&srno=s_1_11&otracker=search&otracker1=search&fm=organic&iid=59706d20-b148-40ec-a8ea-84e0c3ef3f16.MOBGC9VGPXQNTXDW.SEARCH&ppt=None&ppn=None&ssid=psg8ucetz40000001719166179092&qH=817463f805dcb246,256 gb rom15.49 cm (6.1 inch) super retina xdr display12mp + 12mp | 12mp front cameraa15 bionic chip processorbrand warranty for 1 year
12,"apple iphone 13 (pink, 512 gb)","₹82,999",https://www.flipkart.com/apple-iphone-13-pink-512-gb/p/itm3762edcc79946?pid=MOBG6VF5AS6QUQWX&lid=LSTMOBG6VF5AS6QUQWXLFAERA&marketplace=FLIPKART&q=iphone+13+128+GB+4+GB&store=tyy%2F4io&srno=s_1_12&otracker=search&otracker1=search&fm=organic&iid=59706d20-b148-40ec-a8ea-84e0c3ef3f16.MOBG6VF5AS6QUQWX.SEARCH&ppt=None&ppn=None&ssid=psg8ucetz40000001719166179092&qH=817463f805dcb246,512 gb rom15.49 cm (6.1 inch) super retina xdr display12mp + 12mp | 12mp front cameraa15 bionic chip processorbrand warranty for 1 year
13,"apple iphone 13 (green, 512 gb)","₹82,999",https://www.flipkart.com/apple-iphone-13-green-512-gb/p/itmdd397c451bdae?pid=MOBGC9VGEZQUXGW5&lid=LSTMOBGC9VGEZQUXGW5GINKRW&marketplace=FLIPKART&q=iphone+13+128+GB+4+GB&store=tyy%2F4io&srno=s_1_13&otracker=search&otracker1=search&fm=organic&iid=59706d20-b148-40ec-a8ea-84e0c3ef3f16.MOBGC9VGEZQUXGW5.SEARCH&ppt=None&ppn=None&ssid=psg8ucetz40000001719166179092&qH=817463f805dcb246,512 gb rom15.49 cm (6.1 inch) super retina xdr display12mp + 12mp | 12mp front cameraa15 bionic chip processorbrand warranty for 1 year
14,"apple iphone 13 ((product)red, 512 gb)","₹82,999",https://www.flipkart.com/apple-iphone-13-product-red-512-gb/p/itmf3f96f20817ae?pid=MOBG6VF56S584SAP&lid=LSTMOBG6VF56S584SAPGZ8HCU&marketplace=FLIPKART&q=iphone+13+128+GB+4+GB&store=tyy%2F4io&srno=s_1_14&otracker=search&otracker1=search&fm=organic&iid=59706d20-b148-40ec-a8ea-84e0c3ef3f16.MOBG6VF56S584SAP.SEARCH&ppt=None&ppn=None&ssid=psg8ucetz40000001719166179092&qH=817463f805dcb246,512 gb rom15.49 cm (6.1 inch) super retina xdr display12mp + 12mp | 12mp front cameraa15 bionic chip processorbrand warranty for 1 year
15,"apple iphone 13 (midnight, 512 gb)","₹82,999",https://www.flipkart.com/apple-iphone-13-midnight-512-gb/p/itm7d60d2e9ffd7c?pid=MOBG6VF5GXHZMYMH&lid=LSTMOBG6VF5GXHZMYMHZHPU4Z&marketplace=FLIPKART&q=iphone+13+128+GB+4+GB&store=tyy%2F4io&srno=s_1_15&otracker=search&otracker1=search&fm=organic&iid=59706d20-b148-40ec-a8ea-84e0c3ef3f16.MOBG6VF5GXHZMYMH.SEARCH&ppt=None&ppn=None&ssid=psg8ucetz40000001719166179092&qH=817463f805dcb246,512 gb rom15.49 cm (6.1 inch) super retina xdr display12mp + 12mp | 12mp front cameraa15 bionic chip processorbrand warranty for 1 year
16,"apple iphone 13 (starlight, 512 gb)","₹82,999",https://www.flipkart.com/apple-iphone-13-starlight-512-gb/p/itm1d663e7a79e95?pid=MOBG6VF5G3NJDHJ2&lid=LSTMOBG6VF5G3NJDHJ2HEG9A3&marketplace=FLIPKART&q=iphone+13+128+GB+4+GB&store=tyy%2F4io&srno=s_1_16&otracker=search&otracker1=search&fm=organic&iid=59706d20-b148-40ec-a8ea-84e0c3ef3f16.MOBG6VF5G3NJDHJ2.SEARCH&ppt=None&ppn=None&ssid=psg8ucetz40000001719166179092&qH=817463f805dcb246,512 gb rom15.49 cm (6.1 inch) super retina xdr display12mp + 12mp | 12mp front cameraa15 bionic chip processorbrand warranty for 1 year
17,"apple iphone 13 (blue, 512 gb)","₹82,999",https://www.flipkart.com/apple-iphone-13-blue-512-gb/p/itma26798ee418a6?pid=MOBG6VF5CBZ6EPF2&lid=LSTMOBG6VF5CBZ6EPF2I3GRC9&marketplace=FLIPKART&q=iphone+13+128+GB+4+GB&store=tyy%2F4io&srno=s_1_17&otracker=search&otracker1=search&fm=organic&iid=59706d20-b148-40ec-a8ea-84e0c3ef3f16.MOBG6VF5CBZ6EPF2.SEARCH&ppt=None&ppn=None&ssid=psg8ucetz40000001719166179092&qH=817463f805dcb246,512 gb rom15.49 cm (6.1 inch) super retina xdr display12mp + 12mp | 12mp front cameraa15 bionic chip processorbrand warranty for 1 year
18,"apple iphone 13 ((product)red, 128 gb)","₹52,999",https://www.flipkart.com/apple-iphone-13-product-red-128-gb/p/itm99b5658d148b0?pid=MOBG6VF59ZFEPEBX&lid=LSTMOBG6VF59ZFEPEBXLWTMMU&marketplace=FLIPKART&q=iphone+13+128+GB+4+GB&store=tyy%2F4io&srno=s_1_18&otracker=search&otracker1=search&fm=organic&iid=59706d20-b148-40ec-a8ea-84e0c3ef3f16.MOBG6VF59ZFEPEBX.SEARCH&ppt=None&ppn=None&ssid=psg8ucetz40000001719166179092&qH=817463f805dcb246,128 gb rom15.49 cm (6.1 inch) super retina xdr display12mp + 12mp | 12mp front cameraa15 bionic chip processorbrand warranty for 1 year
19,"apple iphone 13 pro max (graphite, 128 gb)","₹1,29,900",https://www.flipkart.com/apple-iphone-13-pro-max-graphite-128-gb/p/itmbb4eb09bb8e02?pid=MOBG6VF5TBYYFCW4&lid=LSTMOBG6VF5TBYYFCW4LGNPOK&marketplace=FLIPKART&q=iphone+13+128+GB+4+GB&store=tyy%2F4io&srno=s_1_19&otracker=search&otracker1=search&fm=organic&iid=59706d20-b148-40ec-a8ea-84e0c3ef3f16.MOBG6VF5TBYYFCW4.SEARCH&ppt=None&ppn=None&ssid=psg8ucetz40000001719166179092&qH=817463f805dcb246,128 gb rom17.02 cm (6.7 inch) super retina xdr display12mp + 12mp + 12mp | 12mp front cameraa15 bionic chip processorbrand warranty for 1 year
20,"apple iphone 13 mini (pink, 128 gb)","₹64,900",https://www.flipkart.com/apple-iphone-13-mini-pink-128-gb/p/itm32f5a6b2a4ea3?pid=MOBG6VF5GK7Y9AJ8&lid=LSTMOBG6VF5GK7Y9AJ8NLP6VA&marketplace=FLIPKART&q=iphone+13+128+GB+4+GB&store=tyy%2F4io&srno=s_1_20&otracker=search&otracker1=search&fm=organic&iid=59706d20-b148-40ec-a8ea-84e0c3ef3f16.MOBG6VF5GK7Y9AJ8.SEARCH&ppt=None&ppn=None&ssid=psg8ucetz40000001719166179092&qH=817463f805dcb246,128 gb rom13.72 cm (5.4 inch) super retina xdr display12mp + 12mp | 12mp front cameraa15 bionic chip processorbrand warranty for 1 year
21,"apple iphone 13 pro (alpine green, 128 gb)","₹1,19,900",https://www.flipkart.com/apple-iphone-13-pro-alpine-green-128-gb/p/itme0fb6eeb46a42?pid=MOBGC9VGERMGXNZW&lid=LSTMOBGC9VGERMGXNZWNMLAEY&marketplace=FLIPKART&q=iphone+13+128+GB+4+GB&store=tyy%2F4io&srno=s_1_21&otracker=search&otracker1=search&fm=organic&iid=59706d20-b148-40ec-a8ea-84e0c3ef3f16.MOBGC9VGERMGXNZW.SEARCH&ppt=None&ppn=None&ssid=psg8ucetz40000001719166179092&qH=817463f805dcb246,128 gb rom15.49 cm (6.1 inch) super retina xdr display12mp + 12mp + 12mp | 12mp front cameraa15 bionic chip processorbrand warranty for 1 year
22,"apple iphone 13 pro (gold, 128 gb)","₹1,19,900",https://www.flipkart.com/apple-iphone-13-pro-gold-128-gb/p/itm9547bf22f1980?pid=MOBG6VF5G2HGWZH3&lid=LSTMOBG6VF5G2HGWZH3PG1U5R&marketplace=FLIPKART&q=iphone+13+128+GB+4+GB&store=tyy%2F4io&srno=s_1_22&otracker=search&otracker1=search&fm=organic&iid=59706d20-b148-40ec-a8ea-84e0c3ef3f16.MOBG6VF5G2HGWZH3.SEARCH&ppt=None&ppn=None&ssid=psg8ucetz40000001719166179092&qH=817463f805dcb246,128 gb rom15.49 cm (6.1 inch) super retina xdr display12mp + 12mp + 12mp | 12mp front cameraa15 bionic chip processorbrand warranty for 1 year
23,"apple iphone 13 mini ((product)red, 128 gb)","₹64,900",https://www.flipkart.com/apple-iphone-13-mini-product-red-128-gb/p/itm2c7e4135cf793?pid=MOBG6VF564UJVCBY&lid=LSTMOBG6VF564UJVCBYS2MHHT&marketplace=FLIPKART&q=iphone+13+128+GB+4+GB&store=tyy%2F4io&srno=s_1_23&otracker=search&otracker1=search&fm=organic&iid=59706d20-b148-40ec-a8ea-84e0c3ef3f16.MOBG6VF564UJVCBY.SEARCH&ppt=None&ppn=None&ssid=psg8ucetz40000001719166179092&qH=817463f805dcb246,128 gb rom13.72 cm (5.4 inch) super retina xdr display12mp + 12mp | 12mp front cameraa15 bionic chip processorbrand warranty for 1 year
24,"apple iphone 13 pro max (gold, 128 gb)","₹1,29,900",https://www.flipkart.com/apple-iphone-13-pro-max-gold-128-gb/p/itm8b15a11ea85d7?pid=MOBG6VF5EGHG2QPN&lid=LSTMOBG6VF5EGHG2QPNBAJFVP&marketplace=FLIPKART&q=iphone+13+128+GB+4+GB&store=tyy%2F4io&srno=s_1_24&otracker=search&otracker1=search&fm=organic&iid=59706d20-b148-40ec-a8ea-84e0c3ef3f16.MOBG6VF5EGHG2QPN.SEARCH&ppt=None&ppn=None&ssid=psg8ucetz40000001719166179092&qH=817463f805dcb246,128 gb rom17.02 cm (6.7 inch) super retina xdr display12mp + 12mp + 12mp | 12mp front cameraa15 bionic chip processorbrand warranty for 1 year
1,"apple iphone 13 pro (sierra blue, 128 gb)","₹1,19,900",https://www.flipkart.com/apple-iphone-13-pro-sierra-blue-128-gb/p/itmc6c1bb3dfb499?pid=MOBG6VF52HRFWPZD&lid=LSTMOBG6VF52HRFWPZDZU8XDN&marketplace=FLIPKART&q=iphone+13+128+GB+4+GB&store=tyy%2F4io&srno=s_2_25&otracker=search&otracker1=search&fm=organic&iid=705abb7c-22af-49df-b744-1651adecc192.MOBG6VF52HRFWPZD.SEARCH&ppt=None&ppn=None&ssid=yz7iex1grk0000001719166180261&qH=817463f805dcb246,128 gb rom15.49 cm (6.1 inch) super retina xdr display12mp + 12mp + 12mp | 12mp front cameraa15 bionic chip processorbrand warranty for 1 year
2,"apple iphone 13 pro max (silver, 128 gb)","₹1,29,900",https://www.flipkart.com/apple-iphone-13-pro-max-silver-128-gb/p/itm558f640581d44?pid=MOBG6VF5VCKVMVDG&lid=LSTMOBG6VF5VCKVMVDGWCYX7R&marketplace=FLIPKART&q=iphone+13+128+GB+4+GB&store=tyy%2F4io&srno=s_2_26&otracker=search&otracker1=search&fm=organic&iid=705abb7c-22af-49df-b744-1651adecc192.MOBG6VF5VCKVMVDG.SEARCH&ppt=None&ppn=None&ssid=yz7iex1grk0000001719166180261&qH=817463f805dcb246,128 gb rom17.02 cm (6.7 inch) super retina xdr display12mp + 12mp + 12mp | 12mp front cameraa15 bionic chip processorbrand warranty for 1 year
3,"apple iphone 13 mini (midnight, 128 gb)","₹64,900",https://www.flipkart.com/apple-iphone-13-mini-midnight-128-gb/p/itm6fb7dc262ba8c?pid=MOBG6VF5CPAWTCBH&lid=LSTMOBG6VF5CPAWTCBHSPDPW0&marketplace=FLIPKART&q=iphone+13+128+GB+4+GB&store=tyy%2F4io&srno=s_2_27&otracker=search&otracker1=search&fm=organic&iid=705abb7c-22af-49df-b744-1651adecc192.MOBG6VF5CPAWTCBH.SEARCH&ppt=None&ppn=None&ssid=yz7iex1grk0000001719166180261&qH=817463f805dcb246,128 gb rom13.72 cm (5.4 inch) super retina xdr display12mp + 12mp | 12mp front cameraa15 bionic chip processorbrand warranty for 1 year
4,"apple iphone 13 pro max (alpine green, 128 gb)","₹1,29,900",https://www.flipkart.com/apple-iphone-13-pro-max-alpine-green-128-gb/p/itm7f01c7d933487?pid=MOBGC9VGHDZZFKHX&lid=LSTMOBGC9VGHDZZFKHXUIM3T5&marketplace=FLIPKART&q=iphone+13+128+GB+4+GB&store=tyy%2F4io&srno=s_2_28&otracker=search&otracker1=search&fm=organic&iid=705abb7c-22af-49df-b744-1651adecc192.MOBGC9VGHDZZFKHX.SEARCH&ppt=None&ppn=None&ssid=yz7iex1grk0000001719166180261&qH=817463f805dcb246,128 gb rom17.02 cm (6.7 inch) super retina xdr display12mp + 12mp + 12mp | 12mp front cameraa15 bionic chip processorbrand warranty for 1 year
5,"apple iphone 13 pro (silver, 128 gb)","₹1,19,900",https://www.flipkart.com/apple-iphone-13-pro-silver-128-gb/p/itm273b7a40dcf8b?pid=MOBG6VF5BSWSQJZV&lid=LSTMOBG6VF5BSWSQJZVVECGCT&marketplace=FLIPKART&q=iphone+13+128+GB+4+GB&store=tyy%2F4io&srno=s_2_29&otracker=search&otracker1=search&fm=organic&iid=705abb7c-22af-49df-b744-1651adecc192.MOBG6VF5BSWSQJZV.SEARCH&ppt=None&ppn=None&ssid=yz7iex1grk0000001719166180261&qH=817463f805dcb246,128 gb rom15.49 cm (6.1 inch) super retina xdr display12mp + 12mp + 12mp | 12mp front cameraa15 bionic chip processorbrand warranty for 1 year
6,"apple iphone 13 mini (starlight, 128 gb)","₹64,900",https://www.flipkart.com/apple-iphone-13-mini-starlight-128-gb/p/itmcb65606f21fd3?pid=MOBG6VF5BXXWYEYM&lid=LSTMOBG6VF5BXXWYEYMUIISKG&marketplace=FLIPKART&q=iphone+13+128+GB+4+GB&store=tyy%2F4io&srno=s_2_30&otracker=search&otracker1=search&fm=organic&iid=705abb7c-22af-49df-b744-1651adecc192.MOBG6VF5BXXWYEYM.SEARCH&ppt=None&ppn=None&ssid=yz7iex1grk0000001719166180261&qH=817463f805dcb246,128 gb rom13.72 cm (5.4 inch) super retina xdr display12mp + 12mp | 12mp front cameraa15 bionic chip processorbrand warranty for 1 year
7,"apple iphone 13 mini (blue, 128 gb)","₹64,900",https://www.flipkart.com/apple-iphone-13-mini-blue-128-gb/p/itmdfa435f9c48f8?pid=MOBG6VF5FKSP3VTP&lid=LSTMOBG6VF5FKSP3VTPDLKKE8&marketplace=FLIPKART&q=iphone+13+128+GB+4+GB&store=tyy%2F4io&srno=s_2_31&otracker=search&otracker1=search&fm=organic&iid=705abb7c-22af-49df-b744-1651adecc192.MOBG6VF5FKSP3VTP.SEARCH&ppt=None&ppn=None&ssid=yz7iex1grk0000001719166180261&qH=817463f805dcb246,128 gb rom13.72 cm (5.4 inch) super retina xdr display12mp + 12mp | 12mp front cameraa15 bionic chip processorbrand warranty for 1 year
8,"apple iphone 13 pro (graphite, 128 gb)","₹1,19,900",https://www.flipkart.com/apple-iphone-13-pro-graphite-128-gb/p/itmd6aa69a930473?pid=MOBG6VF5FYT935T7&lid=LSTMOBG6VF5FYT935T7J53LPQ&marketplace=FLIPKART&q=iphone+13+128+GB+4+GB&store=tyy%2F4io&srno=s_2_32&otracker=search&otracker1=search&fm=organic&iid=705abb7c-22af-49df-b744-1651adecc192.MOBG6VF5FYT935T7.SEARCH&ppt=None&ppn=None&ssid=yz7iex1grk0000001719166180261&qH=817463f805dcb246,128 gb rom15.49 cm (6.1 inch) super retina xdr display12mp + 12mp + 12mp | 12mp front cameraa15 bionic chip processorbrand warranty for 1 year
9,"apple iphone 13 pro max (sierra blue, 128 gb)","₹1,29,900",https://www.flipkart.com/apple-iphone-13-pro-max-sierra-blue-128-gb/p/itm5ede69d71530a?pid=MOBG6VF5CDFVMWGG&lid=LSTMOBG6VF5CDFVMWGGIQLZOJ&marketplace=FLIPKART&q=iphone+13+128+GB+4+GB&store=tyy%2F4io&srno=s_2_33&otracker=search&otracker1=search&fm=organic&iid=705abb7c-22af-49df-b744-1651adecc192.MOBG6VF5CDFVMWGG.SEARCH&ppt=None&ppn=None&ssid=yz7iex1grk0000001719166180261&qH=817463f805dcb246,128 gb rom17.02 cm (6.7 inch) super retina xdr display12mp + 12mp + 12mp | 12mp front cameraa15 bionic chip processorbrand warranty for 1 year
10,"apple iphone 13 mini (green, 128 gb)","₹64,900",https://www.flipkart.com/apple-iphone-13-mini-green-128-gb/p/itm0888bb6d1e563?pid=MOBGC9VGEFHPSSNA&lid=LSTMOBGC9VGEFHPSSNAYTBHJL&marketplace=FLIPKART&q=iphone+13+128+GB+4+GB&store=tyy%2F4io&srno=s_2_34&otracker=search&otracker1=search&fm=organic&iid=705abb7c-22af-49df-b744-1651adecc192.MOBGC9VGEFHPSSNA.SEARCH&ppt=None&ppn=None&ssid=yz7iex1grk0000001719166180261&qH=817463f805dcb246,128 gb rom13.72 cm (5.4 inch) super retina xdr display12mp + 12mp | 12mp front cameraa15 bionic chip processorbrand warranty for 1 year
11,"apple iphone 13 (pink, 256 gb)","₹62,999",https://www.flipkart.com/apple-iphone-13-pink-256-gb/p/itmc5ee8ec6cd737?pid=MOBG6VF5XAMZ2FKX&lid=LSTMOBG6VF5XAMZ2FKXKM1HAQ&marketplace=FLIPKART&q=iphone+13+128+GB+4+GB&store=tyy%2F4io&srno=s_2_35&otracker=search&otracker1=search&fm=organic&iid=705abb7c-22af-49df-b744-1651adecc192.MOBG6VF5XAMZ2FKX.SEARCH&ppt=None&ppn=None&ssid=yz7iex1grk0000001719166180261&qH=817463f805dcb246,256 gb rom15.49 cm (6.1 inch) super retina xdr display12mp + 12mp | 12mp front cameraa15 bionic chip processorbrand warranty for 1 year
12,"apple iphone 13 pro (gold, 256 gb)","₹1,29,900",https://www.flipkart.com/apple-iphone-13-pro-gold-256-gb/p/itm6be19c6f240c4?pid=MOBG6VF5DXHQUPJS&lid=LSTMOBG6VF5DXHQUPJSLSPKJB&marketplace=FLIPKART&q=iphone+13+128+GB+4+GB&store=tyy%2F4io&srno=s_2_36&otracker=search&otracker1=search&fm=organic&iid=705abb7c-22af-49df-b744-1651adecc192.MOBG6VF5DXHQUPJS.SEARCH&ppt=None&ppn=None&ssid=yz7iex1grk0000001719166180261&qH=817463f805dcb246,256 gb rom15.49 cm (6.1 inch) super retina xdr display12mp + 12mp + 12mp | 12mp front cameraa15 bionic chip processorbrand warranty for 1 year
13,"apple iphone 13 pro max (alpine green, 512 gb)","₹1,59,900",https://www.flipkart.com/apple-iphone-13-pro-max-alpine-green-512-gb/p/itme5529c8267abe?pid=MOBGC9VGHZAHZH6H&lid=LSTMOBGC9VGHZAHZH6HZUM8NB&marketplace=FLIPKART&q=iphone+13+128+GB+4+GB&store=tyy%2F4io&srno=s_2_37&otracker=search&otracker1=search&fm=organic&iid=705abb7c-22af-49df-b744-1651adecc192.MOBGC9VGHZAHZH6H.SEARCH&ppt=None&ppn=None&ssid=yz7iex1grk0000001719166180261&qH=817463f805dcb246,512 gb rom17.02 cm (6.7 inch) super retina xdr display12mp + 12mp + 12mp | 12mp front cameraa15 bionic chip processorbrand warranty for 1 year
14,"apple iphone 13 pro max (silver, 1 tb)","₹1,79,900",https://www.flipkart.com/apple-iphone-13-pro-max-silver-1-tb/p/itm5e2d156bf43d9?pid=MOBG6VF5H3YC3GNC&lid=LSTMOBG6VF5H3YC3GNCYVAKOJ&marketplace=FLIPKART&q=iphone+13+128+GB+4+GB&store=tyy%2F4io&srno=s_2_38&otracker=search&otracker1=search&fm=organic&iid=705abb7c-22af-49df-b744-1651adecc192.MOBG6VF5H3YC3GNC.SEARCH&ppt=None&ppn=None&ssid=yz7iex1grk0000001719166180261&qH=817463f805dcb246,1 tb rom17.02 cm (6.7 inch) super retina xdr display12mp + 12mp + 12mp | 12mp front cameraa15 bionic chip processorbrand warranty for 1 year
15,"apple iphone 13 pro (alpine green, 512 gb)","₹1,49,900",https://www.flipkart.com/apple-iphone-13-pro-alpine-green-512-gb/p/itma7d23735b0adc?pid=MOBGC9VG6VG3TZMT&lid=LSTMOBGC9VG6VG3TZMT8TP7HU&marketplace=FLIPKART&q=iphone+13+128+GB+4+GB&store=tyy%2F4io&srno=s_2_39&otracker=search&otracker1=search&fm=organic&iid=705abb7c-22af-49df-b744-1651adecc192.MOBGC9VG6VG3TZMT.SEARCH&ppt=None&ppn=None&ssid=yz7iex1grk0000001719166180261&qH=817463f805dcb246,512 gb rom15.49 cm (6.1 inch) super retina xdr display12mp + 12mp + 12mp | 12mp front cameraa15 bionic chip processorbrand warranty for 1 year
16,"apple iphone 13 pro (alpine green, 1 tb)","₹1,69,900",https://www.flipkart.com/apple-iphone-13-pro-alpine-green-1-tb/p/itm0a811e7f354b8?pid=MOBGC9VGHFQHFAZE&lid=LSTMOBGC9VGHFQHFAZEAZRXTB&marketplace=FLIPKART&q=iphone+13+128+GB+4+GB&store=tyy%2F4io&srno=s_2_40&otracker=search&otracker1=search&fm=organic&iid=705abb7c-22af-49df-b744-1651adecc192.MOBGC9VGHFQHFAZE.SEARCH&ppt=None&ppn=None&ssid=yz7iex1grk0000001719166180261&qH=817463f805dcb246,1 tb rom15.49 cm (6.1 inch) super retina xdr display12mp + 12mp + 12mp | 12mp front cameraa15 bionic chip processorbrand warranty for 1 year
17,"apple iphone 13 mini (starlight, 512 gb)","₹94,900",https://www.flipkart.com/apple-iphone-13-mini-starlight-512-gb/p/itmee079194cf27b?pid=MOBG6VF5FF29YZ74&lid=LSTMOBG6VF5FF29YZ74UDHJ34&marketplace=FLIPKART&q=iphone+13+128+GB+4+GB&store=tyy%2F4io&srno=s_2_41&otracker=search&otracker1=search&fm=organic&iid=705abb7c-22af-49df-b744-1651adecc192.MOBG6VF5FF29YZ74.SEARCH&ppt=None&ppn=None&ssid=yz7iex1grk0000001719166180261&qH=817463f805dcb246,512 gb rom13.72 cm (5.4 inch) super retina xdr display12mp + 12mp | 12mp front cameraa15 bionic chip processorbrand warranty for 1 year
18,"apple iphone 13 pro (graphite, 512 gb)","₹1,49,900",https://www.flipkart.com/apple-iphone-13-pro-graphite-512-gb/p/itm5c4ef35fbe69f?pid=MOBG6VF5GATJFTGE&lid=LSTMOBG6VF5GATJFTGEXQRTFG&marketplace=FLIPKART&q=iphone+13+128+GB+4+GB&store=tyy%2F4io&srno=s_2_42&otracker=search&otracker1=search&fm=organic&iid=705abb7c-22af-49df-b744-1651adecc192.MOBG6VF5GATJFTGE.SEARCH&ppt=None&ppn=None&ssid=yz7iex1grk0000001719166180261&qH=817463f805dcb246,512 gb rom15.49 cm (6.1 inch) super retina xdr display12mp + 12mp + 12mp | 12mp front cameraa15 bionic chip processorbrand warranty for 1 year
19,"apple iphone 13 pro (sierra blue, 512 gb)","₹1,49,900",https://www.flipkart.com/apple-iphone-13-pro-sierra-blue-512-gb/p/itm0f471ef733299?pid=MOBG6VF5Z6JF62MW&lid=LSTMOBG6VF5Z6JF62MWYG962S&marketplace=FLIPKART&q=iphone+13+128+GB+4+GB&store=tyy%2F4io&srno=s_2_43&otracker=search&otracker1=search&fm=organic&iid=705abb7c-22af-49df-b744-1651adecc192.MOBG6VF5Z6JF62MW.SEARCH&ppt=None&ppn=None&ssid=yz7iex1grk0000001719166180261&qH=817463f805dcb246,512 gb rom15.49 cm (6.1 inch) super retina xdr display12mp + 12mp + 12mp | 12mp front cameraa15 bionic chip processorbrand warranty for 1 year
20,"apple iphone 13 pro (graphite, 1 tb)","₹1,69,900",https://www.flipkart.com/apple-iphone-13-pro-graphite-1-tb/p/itmdbd88741e2e3c?pid=MOBG6VF5SFWV9VDN&lid=LSTMOBG6VF5SFWV9VDNTHSE1L&marketplace=FLIPKART&q=iphone+13+128+GB+4+GB&store=tyy%2F4io&srno=s_2_44&otracker=search&otracker1=search&fm=organic&iid=705abb7c-22af-49df-b744-1651adecc192.MOBG6VF5SFWV9VDN.SEARCH&ppt=None&ppn=None&ssid=yz7iex1grk0000001719166180261&qH=817463f805dcb246,1 tb rom15.49 cm (6.1 inch) super retina xdr display12mp + 12mp + 12mp | 12mp front cameraa15 bionic chip processorbrand warranty for 1 year
21,"apple iphone 13 pro (gold, 1 tb)","₹1,69,900",https://www.flipkart.com/apple-iphone-13-pro-gold-1-tb/p/itma05d38ac5876d?pid=MOBG6VF5KBAU8ACF&lid=LSTMOBG6VF5KBAU8ACFNR3E3C&marketplace=FLIPKART&q=iphone+13+128+GB+4+GB&store=tyy%2F4io&srno=s_2_45&otracker=search&otracker1=search&fm=organic&iid=705abb7c-22af-49df-b744-1651adecc192.MOBG6VF5KBAU8ACF.SEARCH&ppt=None&ppn=None&ssid=yz7iex1grk0000001719166180261&qH=817463f805dcb246,1 tb rom15.49 cm (6.1 inch) super retina xdr display12mp + 12mp + 12mp | 12mp front cameraa15 bionic chip processorbrand warranty for 1 year
22,"apple iphone 13 pro max (sierra blue, 512 gb)","₹1,59,900",https://www.flipkart.com/apple-iphone-13-pro-max-sierra-blue-512-gb/p/itm26f0b22cf2288?pid=MOBG6VF5ERKYQRP8&lid=LSTMOBG6VF5ERKYQRP8F4BLCU&marketplace=FLIPKART&q=iphone+13+128+GB+4+GB&store=tyy%2F4io&srno=s_2_46&otracker=search&otracker1=search&fm=organic&iid=705abb7c-22af-49df-b744-1651adecc192.MOBG6VF5ERKYQRP8.SEARCH&ppt=None&ppn=None&ssid=yz7iex1grk0000001719166180261&qH=817463f805dcb246,512 gb rom17.02 cm (6.7 inch) super retina xdr display12mp + 12mp + 12mp | 12mp front cameraa15 bionic chip processorbrand warranty for 1 year
23,"apple iphone 13 pro max (silver, 512 gb)","₹1,59,900",https://www.flipkart.com/apple-iphone-13-pro-max-silver-512-gb/p/itm282cb973542f0?pid=MOBG6VF5FHNYCMTS&lid=LSTMOBG6VF5FHNYCMTSVUZVRN&marketplace=FLIPKART&q=iphone+13+128+GB+4+GB&store=tyy%2F4io&srno=s_2_47&otracker=search&otracker1=search&fm=organic&iid=705abb7c-22af-49df-b744-1651adecc192.MOBG6VF5FHNYCMTS.SEARCH&ppt=None&ppn=None&ssid=yz7iex1grk0000001719166180261&qH=817463f805dcb246,512 gb rom17.02 cm (6.7 inch) super retina xdr display12mp + 12mp + 12mp | 12mp front cameraa15 bionic chip processorbrand warranty for 1 year
24,"apple iphone 13 pro max (graphite, 256 gb)","₹1,39,900",https://www.flipkart.com/apple-iphone-13-pro-max-graphite-256-gb/p/itm69ef2143f2bf5?pid=MOBG6VF5HYC5ZNHP&lid=LSTMOBG6VF5HYC5ZNHPS4EWIT&marketplace=FLIPKART&q=iphone+13+128+GB+4+GB&store=tyy%2F4io&srno=s_2_48&otracker=search&otracker1=search&fm=organic&iid=705abb7c-22af-49df-b744-1651adecc192.MOBG6VF5HYC5ZNHP.SEARCH&ppt=None&ppn=None&ssid=yz7iex1grk0000001719166180261&qH=817463f805dcb246,256 gb rom17.02 cm (6.7 inch) super retina xdr display12mp + 12mp + 12mp | 12mp front cameraa15 bionic chip processorbrand warranty for 1 year
1,"apple iphone 13 pro max (silver, 256 gb)","₹1,39,900",https://www.flipkart.com/apple-iphone-13-pro-max-silver-256-gb/p/itmff24c14e68d14?pid=MOBG6VF5WA2CZWF2&lid=LSTMOBG6VF5WA2CZWF2UYZNOM&marketplace=FLIPKART&q=iphone+13+128+GB+4+GB&store=tyy%2F4io&srno=s_3_49&otracker=search&otracker1=search&fm=organic&iid=87e944d1-a82b-4110-9e66-a2d140ce2d84.MOBG6VF5WA2CZWF2.SEARCH&ppt=None&ppn=None&ssid=z7exxdjgj40000001719166181286&qH=817463f805dcb246,256 gb rom17.02 cm (6.7 inch) super retina xdr display12mp + 12mp + 12mp | 12mp front cameraa15 bionic chip processorbrand warranty for 1 year
2,"apple iphone 13 mini (pink, 512 gb)","₹94,900",https://www.flipkart.com/apple-iphone-13-mini-pink-512-gb/p/itm56980f8bb46c6?pid=MOBG6VF5GF68DUG4&lid=LSTMOBG6VF5GF68DUG4X3HRIE&marketplace=FLIPKART&q=iphone+13+128+GB+4+GB&store=tyy%2F4io&srno=s_3_50&otracker=search&otracker1=search&fm=organic&iid=87e944d1-a82b-4110-9e66-a2d140ce2d84.MOBG6VF5GF68DUG4.SEARCH&ppt=None&ppn=None&ssid=z7exxdjgj40000001719166181286&qH=817463f805dcb246,512 gb rom13.72 cm (5.4 inch) super retina xdr display12mp + 12mp | 12mp front cameraa15 bionic chip processorbrand warranty for 1 year
3,"apple iphone 13 pro (silver, 256 gb)","₹1,29,900",https://www.flipkart.com/apple-iphone-13-pro-silver-256-gb/p/itm444ac6bba8405?pid=MOBG6VF52JBSFUK8&lid=LSTMOBG6VF52JBSFUK8R2ITDX&marketplace=FLIPKART&q=iphone+13+128+GB+4+GB&store=tyy%2F4io&srno=s_3_51&otracker=search&otracker1=search&fm=organic&iid=87e944d1-a82b-4110-9e66-a2d140ce2d84.MOBG6VF52JBSFUK8.SEARCH&ppt=None&ppn=None&ssid=z7exxdjgj40000001719166181286&qH=817463f805dcb246,256 gb rom15.49 cm (6.1 inch) super retina xdr display12mp + 12mp + 12mp | 12mp front cameraa15 bionic chip processorbrand warranty for 1 year
4,"apple iphone 13 pro (graphite, 256 gb)","₹1,29,900",https://www.flipkart.com/apple-iphone-13-pro-graphite-256-gb/p/itm1b16c87a4a64a?pid=MOBG6VF5WKMAADTZ&lid=LSTMOBG6VF5WKMAADTZQXAVTS&marketplace=FLIPKART&q=iphone+13+128+GB+4+GB&store=tyy%2F4io&srno=s_3_52&otracker=search&otracker1=search&fm=organic&iid=87e944d1-a82b-4110-9e66-a2d140ce2d84.MOBG6VF5WKMAADTZ.SEARCH&ppt=None&ppn=None&ssid=z7exxdjgj40000001719166181286&qH=817463f805dcb246,256 gb rom15.49 cm (6.1 inch) super retina xdr display12mp + 12mp + 12mp | 12mp front cameraa15 bionic chip processorbrand warranty for 1 year
5,"apple iphone 13 pro max (gold, 512 gb)","₹1,59,900",https://www.flipkart.com/apple-iphone-13-pro-max-gold-512-gb/p/itmd6a2716ec3249?pid=MOBG6VF5DKQRJHJS&lid=LSTMOBG6VF5DKQRJHJSOYWNWD&marketplace=FLIPKART&q=iphone+13+128+GB+4+GB&store=tyy%2F4io&srno=s_3_53&otracker=search&otracker1=search&fm=organic&iid=87e944d1-a82b-4110-9e66-a2d140ce2d84.MOBG6VF5DKQRJHJS.SEARCH&ppt=None&ppn=None&ssid=z7exxdjgj40000001719166181286&qH=817463f805dcb246,512 gb rom17.02 cm (6.7 inch) super retina xdr display12mp + 12mp + 12mp | 12mp front cameraa15 bionic chip processorbrand warranty for 1 year
6,"apple iphone 13 mini (starlight, 512 gb)","₹94,900",https://www.flipkart.com/apple-iphone-13-mini-starlight-512-gb/p/itmee079194cf27b?pid=MOBG6VF5FF29YZ74&lid=LSTMOBG6VF5FF29YZ74UDHJ34&marketplace=FLIPKART&q=iphone+13+128+GB+4+GB&store=tyy%2F4io&srno=s_3_54&otracker=search&otracker1=search&fm=organic&iid=87e944d1-a82b-4110-9e66-a2d140ce2d84.MOBG6VF5FF29YZ74.SEARCH&ppt=None&ppn=None&ssid=z7exxdjgj40000001719166181286&qH=817463f805dcb246,512 gb rom13.72 cm (5.4 inch) super retina xdr display12mp + 12mp | 12mp front cameraa15 bionic chip processorbrand warranty for 1 year
7,"apple iphone 13 mini (green, 256 gb)","₹74,900",https://www.flipkart.com/apple-iphone-13-mini-green-256-gb/p/itm3e9566d87023e?pid=MOBGC9VGY3UYTKYB&lid=LSTMOBGC9VGY3UYTKYBMZJC9D&marketplace=FLIPKART&q=iphone+13+128+GB+4+GB&store=tyy%2F4io&srno=s_3_55&otracker=search&otracker1=search&fm=organic&iid=87e944d1-a82b-4110-9e66-a2d140ce2d84.MOBGC9VGY3UYTKYB.SEARCH&ppt=None&ppn=None&ssid=z7exxdjgj40000001719166181286&qH=817463f805dcb246,256 gb rom13.72 cm (5.4 inch) super retina xdr display12mp + 12mp | 12mp front cameraa15 bionic chip processorbrand warranty for 1 year
8,"apple iphone 13 pro (silver, 512 gb)","₹1,49,900",https://www.flipkart.com/apple-iphone-13-pro-silver-512-gb/p/itme09b3387ed093?pid=MOBG6VF5GGMMBMG4&lid=LSTMOBG6VF5GGMMBMG4RLUAXX&marketplace=FLIPKART&q=iphone+13+128+GB+4+GB&store=tyy%2F4io&srno=s_3_56&otracker=search&otracker1=search&fm=organic&iid=87e944d1-a82b-4110-9e66-a2d140ce2d84.MOBG6VF5GGMMBMG4.SEARCH&ppt=None&ppn=None&ssid=z7exxdjgj40000001719166181286&qH=817463f805dcb246,512 gb rom15.49 cm (6.1 inch) super retina xdr display12mp + 12mp + 12mp | 12mp front cameraa15 bionic chip processorbrand warranty for 1 year
9,"apple iphone 13 pro (sierra blue, 256 gb)","₹1,29,900",https://www.flipkart.com/apple-iphone-13-pro-sierra-blue-256-gb/p/itm253e055668626?pid=MOBG6VF5HRGWATEQ&lid=LSTMOBG6VF5HRGWATEQX5ZI47&marketplace=FLIPKART&q=iphone+13+128+GB+4+GB&store=tyy%2F4io&srno=s_3_57&otracker=search&otracker1=search&fm=organic&iid=87e944d1-a82b-4110-9e66-a2d140ce2d84.MOBG6VF5HRGWATEQ.SEARCH&ppt=None&ppn=None&ssid=z7exxdjgj40000001719166181286&qH=817463f805dcb246,256 gb rom15.49 cm (6.1 inch) super retina xdr display12mp + 12mp + 12mp | 12mp front cameraa15 bionic chip processorbrand warranty for 1 year
10,"apple iphone 13 mini (midnight, 256 gb)","₹74,900",https://www.flipkart.com/apple-iphone-13-mini-midnight-256-gb/p/itmf75f164e38939?pid=MOBG6VF5SHP6JAGR&lid=LSTMOBG6VF5SHP6JAGRND17LS&marketplace=FLIPKART&q=iphone+13+128+GB+4+GB&store=tyy%2F4io&srno=s_3_58&otracker=search&otracker1=search&fm=organic&iid=87e944d1-a82b-4110-9e66-a2d140ce2d84.MOBG6VF5SHP6JAGR.SEARCH&ppt=None&ppn=None&ssid=z7exxdjgj40000001719166181286&qH=817463f805dcb246,256 gb rom13.72 cm (5.4 inch) super retina xdr display12mp + 12mp | 12mp front cameraa15 bionic chip processorbrand warranty for 1 year
11,"apple iphone 13 mini (blue, 256 gb)","₹74,900",https://www.flipkart.com/apple-iphone-13-mini-blue-256-gb/p/itm08b08b1944f85?pid=MOBG6VF5AHRMKUPP&lid=LSTMOBG6VF5AHRMKUPPMRFCMM&marketplace=FLIPKART&q=iphone+13+128+GB+4+GB&store=tyy%2F4io&srno=s_3_59&otracker=search&otracker1=search&fm=organic&iid=87e944d1-a82b-4110-9e66-a2d140ce2d84.MOBG6VF5AHRMKUPP.SEARCH&ppt=None&ppn=None&ssid=z7exxdjgj40000001719166181286&qH=817463f805dcb246,256 gb rom13.72 cm (5.4 inch) super retina xdr display12mp + 12mp | 12mp front cameraa15 bionic chip processorbrand warranty for 1 year
12,"apple iphone 13 pro max (alpine green, 256 gb)","₹1,39,900",https://www.flipkart.com/apple-iphone-13-pro-max-alpine-green-256-gb/p/itmd50ee574a9335?pid=MOBGC9VGH3SQEVZE&lid=LSTMOBGC9VGH3SQEVZEOQVWJR&marketplace=FLIPKART&q=iphone+13+128+GB+4+GB&store=tyy%2F4io&srno=s_3_60&otracker=search&otracker1=search&fm=organic&iid=87e944d1-a82b-4110-9e66-a2d140ce2d84.MOBGC9VGH3SQEVZE.SEARCH&ppt=None&ppn=None&ssid=z7exxdjgj40000001719166181286&qH=817463f805dcb246,256 gb rom17.02 cm (6.7 inch) super retina xdr display12mp + 12mp + 12mp | 12mp front cameraa15 bionic chip processorbrand warranty for 1 year
13,"apple iphone 13 pro max (sierra blue, 256 gb)","₹1,39,900",https://www.flipkart.com/apple-iphone-13-pro-max-sierra-blue-256-gb/p/itmcb824a3301158?pid=MOBG6VF5Y3PWSVWG&lid=LSTMOBG6VF5Y3PWSVWGX8XHG1&marketplace=FLIPKART&q=iphone+13+128+GB+4+GB&store=tyy%2F4io&srno=s_3_61&otracker=search&otracker1=search&fm=organic&iid=87e944d1-a82b-4110-9e66-a2d140ce2d84.MOBG6VF5Y3PWSVWG.SEARCH&ppt=None&ppn=None&ssid=z7exxdjgj40000001719166181286&qH=817463f805dcb246,256 gb rom17.02 cm (6.7 inch) super retina xdr display12mp + 12mp + 12mp | 12mp front cameraa15 bionic chip processorbrand warranty for 1 year
14,"apple iphone 13 mini (green, 512 gb)","₹94,900",https://www.flipkart.com/apple-iphone-13-mini-green-512-gb/p/itm41135d7d42fd7?pid=MOBGC9VGDNZAWJY4&lid=LSTMOBGC9VGDNZAWJY4P6XUAD&marketplace=FLIPKART&q=iphone+13+128+GB+4+GB&store=tyy%2F4io&srno=s_3_62&otracker=search&otracker1=search&fm=organic&iid=87e944d1-a82b-4110-9e66-a2d140ce2d84.MOBGC9VGDNZAWJY4.SEARCH&ppt=None&ppn=None&ssid=z7exxdjgj40000001719166181286&qH=817463f805dcb246,512 gb rom13.72 cm (5.4 inch) super retina xdr display12mp + 12mp | 12mp front cameraa15 bionic chip processorbrand warranty for 1 year
15,"apple iphone 13 mini (pink, 256 gb)","₹74,900",https://www.flipkart.com/apple-iphone-13-mini-pink-256-gb/p/itme74fe970bccbe?pid=MOBG6VF526YUQCPN&lid=LSTMOBG6VF526YUQCPNNDXQWV&marketplace=FLIPKART&q=iphone+13+128+GB+4+GB&store=tyy%2F4io&srno=s_3_63&otracker=search&otracker1=search&fm=organic&iid=87e944d1-a82b-4110-9e66-a2d140ce2d84.MOBG6VF526YUQCPN.SEARCH&ppt=None&ppn=None&ssid=z7exxdjgj40000001719166181286&qH=817463f805dcb246,256 gb rom13.72 cm (5.4 inch) super retina xdr display12mp + 12mp | 12mp front cameraa15 bionic chip processorbrand warranty for 1 year
16,"apple iphone 13 mini ((product)red, 256 gb)","₹74,900",https://www.flipkart.com/apple-iphone-13-mini-product-red-256-gb/p/itmb12f1bb4a3755?pid=MOBG6VF5AEZNGBHS&lid=LSTMOBG6VF5AEZNGBHSXXXL1F&marketplace=FLIPKART&q=iphone+13+128+GB+4+GB&store=tyy%2F4io&srno=s_3_64&otracker=search&otracker1=search&fm=organic&iid=87e944d1-a82b-4110-9e66-a2d140ce2d84.MOBG6VF5AEZNGBHS.SEARCH&ppt=None&ppn=None&ssid=z7exxdjgj40000001719166181286&qH=817463f805dcb246,256 gb rom13.72 cm (5.4 inch) super retina xdr display12mp + 12mp | 12mp front cameraa15 bionic chip processorbrand warranty for 1 year
17,"apple iphone 13 pro (alpine green, 256 gb)","₹1,29,900",https://www.flipkart.com/apple-iphone-13-pro-alpine-green-256-gb/p/itm3fe8904f51da9?pid=MOBGC9VGQXEZZJ2G&lid=LSTMOBGC9VGQXEZZJ2GE8X7DO&marketplace=FLIPKART&q=iphone+13+128+GB+4+GB&store=tyy%2F4io&srno=s_3_65&otracker=search&otracker1=search&fm=organic&iid=87e944d1-a82b-4110-9e66-a2d140ce2d84.MOBGC9VGQXEZZJ2G.SEARCH&ppt=None&ppn=None&ssid=z7exxdjgj40000001719166181286&qH=817463f805dcb246,256 gb rom15.49 cm (6.1 inch) super retina xdr display12mp + 12mp + 12mp | 12mp front cameraa15 bionic chip processorbrand warranty for 1 year
18,"apple iphone 13 pro max (graphite, 1 tb)","₹1,79,900",https://www.flipkart.com/apple-iphone-13-pro-max-graphite-1-tb/p/itmdbb23fa63b708?pid=MOBG6VF56FGKA8SG&lid=LSTMOBG6VF56FGKA8SGJPIJV6&marketplace=FLIPKART&q=iphone+13+128+GB+4+GB&store=tyy%2F4io&srno=s_3_66&otracker=search&otracker1=search&fm=organic&iid=87e944d1-a82b-4110-9e66-a2d140ce2d84.MOBG6VF56FGKA8SG.SEARCH&ppt=None&ppn=None&ssid=z7exxdjgj40000001719166181286&qH=817463f805dcb246,1 tb rom17.02 cm (6.7 inch) super retina xdr display12mp + 12mp + 12mp | 12mp front cameraa15 bionic chip processorbrand warranty for 1 year
19,"apple iphone 13 pro max (sierra blue, 1 tb)","₹1,79,900",https://www.flipkart.com/apple-iphone-13-pro-max-sierra-blue-1-tb/p/itm9b0652604b403?pid=MOBG6VF5YHYZNNMM&lid=LSTMOBG6VF5YHYZNNMMVEANOR&marketplace=FLIPKART&q=iphone+13+128+GB+4+GB&store=tyy%2F4io&srno=s_3_67&otracker=search&otracker1=search&fm=organic&iid=87e944d1-a82b-4110-9e66-a2d140ce2d84.MOBG6VF5YHYZNNMM.SEARCH&ppt=None&ppn=None&ssid=z7exxdjgj40000001719166181286&qH=817463f805dcb246,1 tb rom17.02 cm (6.7 inch) super retina xdr display12mp + 12mp + 12mp | 12mp front cameraa15 bionic chip processorbrand warranty for 1 year
20,"apple iphone 13 pro max (gold, 256 gb)","₹1,39,900",https://www.flipkart.com/apple-iphone-13-pro-max-gold-256-gb/p/itm56cb6b1327175?pid=MOBG6VF56RNB8PQZ&lid=LSTMOBG6VF56RNB8PQZRFVLFT&marketplace=FLIPKART&q=iphone+13+128+GB+4+GB&store=tyy%2F4io&srno=s_3_68&otracker=search&otracker1=search&fm=organic&iid=87e944d1-a82b-4110-9e66-a2d140ce2d84.MOBG6VF56RNB8PQZ.SEARCH&ppt=None&ppn=None&ssid=z7exxdjgj40000001719166181286&qH=817463f805dcb246,256 gb rom17.02 cm (6.7 inch) super retina xdr display12mp + 12mp + 12mp | 12mp front cameraa15 bionic chip processorbrand warranty for 1 year
21,"apple iphone 13 mini (blue, 512 gb)","₹94,900",https://www.flipkart.com/apple-iphone-13-mini-blue-512-gb/p/itm5db9409858571?pid=MOBG6VF5APJEYWTY&lid=LSTMOBG6VF5APJEYWTYFADEEI&marketplace=FLIPKART&q=iphone+13+128+GB+4+GB&store=tyy%2F4io&srno=s_3_69&otracker=search&otracker1=search&fm=organic&iid=87e944d1-a82b-4110-9e66-a2d140ce2d84.MOBG6VF5APJEYWTY.SEARCH&ppt=None&ppn=None&ssid=z7exxdjgj40000001719166181286&qH=817463f805dcb246,512 gb rom13.72 cm (5.4 inch) super retina xdr display12mp + 12mp | 12mp front cameraa15 bionic chip processorbrand warranty for 1 year
22,"apple iphone 13 pro (sierra blue, 1 tb)","₹1,69,900",https://www.flipkart.com/apple-iphone-13-pro-sierra-blue-1-tb/p/itm777e2efa08500?pid=MOBG6VF5GNRGPUAU&lid=LSTMOBG6VF5GNRGPUAU603J8A&marketplace=FLIPKART&q=iphone+13+128+GB+4+GB&store=tyy%2F4io&srno=s_3_70&otracker=search&otracker1=search&fm=organic&iid=87e944d1-a82b-4110-9e66-a2d140ce2d84.MOBG6VF5GNRGPUAU.SEARCH&ppt=None&ppn=None&ssid=z7exxdjgj40000001719166181286&qH=817463f805dcb246,1 tb rom15.49 cm (6.1 inch) super retina xdr display12mp + 12mp + 12mp | 12mp front cameraa15 bionic chip processorbrand warranty for 1 year
23,"apple iphone 13 pro max (gold, 1 tb)","₹1,79,900",https://www.flipkart.com/apple-iphone-13-pro-max-gold-1-tb/p/itmdbbad9da2b178?pid=MOBG6VF5GHTNXG9K&lid=LSTMOBG6VF5GHTNXG9KR1X2ZD&marketplace=FLIPKART&q=iphone+13+128+GB+4+GB&store=tyy%2F4io&srno=s_3_71&otracker=search&otracker1=search&fm=organic&iid=87e944d1-a82b-4110-9e66-a2d140ce2d84.MOBG6VF5GHTNXG9K.SEARCH&ppt=None&ppn=None&ssid=z7exxdjgj40000001719166181286&qH=817463f805dcb246,1 tb rom17.02 cm (6.7 inch) super retina xdr display12mp + 12mp + 12mp | 12mp front cameraa15 bionic chip processorbrand warranty for 1 year
24,"apple iphone 13 mini (midnight, 512 gb)","₹94,900",https://www.flipkart.com/apple-iphone-13-mini-midnight-512-gb/p/itme54fcd72f420a?pid=MOBG6VF5EAVVTUZZ&lid=LSTMOBG6VF5EAVVTUZZZCY1DS&marketplace=FLIPKART&q=iphone+13+128+GB+4+GB&store=tyy%2F4io&srno=s_3_72&otracker=search&otracker1=search&fm=organic&iid=87e944d1-a82b-4110-9e66-a2d140ce2d84.MOBG6VF5EAVVTUZZ.SEARCH&ppt=None&ppn=None&ssid=z7exxdjgj40000001719166181286&qH=817463f805dcb246,512 gb rom13.72 cm (5.4 inch) super retina xdr display12mp + 12mp | 12mp front cameraa15 bionic chip processorbrand warranty for 1 year
1,"apple iphone 13 mini (midnight, 512 gb)","₹94,900",https://www.flipkart.com/apple-iphone-13-mini-midnight-512-gb/p/itme54fcd72f420a?pid=MOBG6VF5EAVVTUZZ&lid=LSTMOBG6VF5EAVVTUZZZCY1DS&marketplace=FLIPKART&q=iphone+13+128+GB+4+GB&store=tyy%2F4io&srno=s_4_73&otracker=search&otracker1=search&fm=organic&iid=e4337540-d388-4cb8-a602-317cd5a28ec9.MOBG6VF5EAVVTUZZ.SEARCH&ppt=None&ppn=None&ssid=nf5o1m3qz40000001719166182277&qH=817463f805dcb246,512 gb rom13.72 cm (5.4 inch) super retina xdr display12mp + 12mp | 12mp front cameraa15 bionic chip processorbrand warranty for 1 year
2,"apple iphone 13 pro (gold, 512 gb)","₹1,49,900",https://www.flipkart.com/apple-iphone-13-pro-gold-512-gb/p/itm837d2a477d50f?pid=MOBG6VF5F5CYZHTV&lid=LSTMOBG6VF5F5CYZHTVXBQYBO&marketplace=FLIPKART&q=iphone+13+128+GB+4+GB&store=tyy%2F4io&srno=s_4_74&otracker=search&otracker1=search&fm=organic&iid=e4337540-d388-4cb8-a602-317cd5a28ec9.MOBG6VF5F5CYZHTV.SEARCH&ppt=None&ppn=None&ssid=nf5o1m3qz40000001719166182277&qH=817463f805dcb246,512 gb rom15.49 cm (6.1 inch) super retina xdr display12mp + 12mp + 12mp | 12mp front cameraa15 bionic chip processorbrand warranty for 1 year
3,"apple iphone 13 pro max (graphite, 512 gb)","₹1,59,900",https://www.flipkart.com/apple-iphone-13-pro-max-graphite-512-gb/p/itmbe5170f10a29f?pid=MOBG6VF5MNKYGQMA&lid=LSTMOBG6VF5MNKYGQMACWMKF8&marketplace=FLIPKART&q=iphone+13+128+GB+4+GB&store=tyy%2F4io&srno=s_4_75&otracker=search&otracker1=search&fm=organic&iid=e4337540-d388-4cb8-a602-317cd5a28ec9.MOBG6VF5MNKYGQMA.SEARCH&ppt=None&ppn=None&ssid=nf5o1m3qz40000001719166182277&qH=817463f805dcb246,512 gb rom17.02 cm (6.7 inch) super retina xdr display12mp + 12mp + 12mp | 12mp front cameraa15 bionic chip processorbrand warranty for 1 year
4,"apple iphone 13 mini (starlight, 256 gb)","₹74,900",https://www.flipkart.com/apple-iphone-13-mini-starlight-256-gb/p/itm4da13ee1ce622?pid=MOBG6VF5HZFFJC8U&lid=LSTMOBG6VF5HZFFJC8UPLLARV&marketplace=FLIPKART&q=iphone+13+128+GB+4+GB&store=tyy%2F4io&srno=s_4_76&otracker=search&otracker1=search&fm=organic&iid=e4337540-d388-4cb8-a602-317cd5a28ec9.MOBG6VF5HZFFJC8U.SEARCH&ppt=None&ppn=None&ssid=nf5o1m3qz40000001719166182277&qH=817463f805dcb246,256 gb rom13.72 cm (5.4 inch) super retina xdr display12mp + 12mp | 12mp front cameraa15 bionic chip processorbrand warranty for 1 year
5,"apple iphone 15 (black, 128 gb)","₹72,999",https://www.flipkart.com/apple-iphone-15-black-128-gb/p/itm6ac6485515ae4?pid=MOBGTAGPTB3VS24W&lid=LSTMOBGTAGPTB3VS24WVZNSC6&marketplace=FLIPKART&q=iphone+13+128+GB+4+GB&store=tyy%2F4io&spotlightTagId=BestsellerId_tyy%2F4io&srno=s_4_77&otracker=search&otracker1=search&fm=organic&iid=e4337540-d388-4cb8-a602-317cd5a28ec9.MOBGTAGPTB3VS24W.SEARCH&ppt=None&ppn=None&ssid=nf5o1m3qz40000001719166182277&qH=817463f805dcb246,"128 gb rom15.49 cm (6.1 inch) super retina xdr display48mp + 12mp | 12mp front cameraa16 bionic chip, 6 core processor processor1 year warranty for phone and 6 months warranty for in-box accessories"
6,"apple iphone 14 plus (blue, 128 gb)","₹55,999",https://www.flipkart.com/apple-iphone-14-plus-blue-128-gb/p/itmac8385391b02b?pid=MOBGHWFHUYWGB5F2&lid=LSTMOBGHWFHUYWGB5F2XIJVA7&marketplace=FLIPKART&q=iphone+13+128+GB+4+GB&store=tyy%2F4io&srno=s_4_78&otracker=search&otracker1=search&fm=organic&iid=e4337540-d388-4cb8-a602-317cd5a28ec9.MOBGHWFHUYWGB5F2.SEARCH&ppt=None&ppn=None&ssid=nf5o1m3qz40000001719166182277&qH=817463f805dcb246,"128 gb rom17.02 cm (6.7 inch) super retina xdr display12mp + 12mp | 12mp front cameraa15 bionic chip, 6 core processor processor1 year warranty for phone and 6 months warranty for in-box accessories"
7,"apple iphone 15 (blue, 128 gb)","₹72,999",https://www.flipkart.com/apple-iphone-15-blue-128-gb/p/itmbf14ef54f645d?pid=MOBGTAGPAQNVFZZY&lid=LSTMOBGTAGPAQNVFZZYO7HQ2L&marketplace=FLIPKART&q=iphone+13+128+GB+4+GB&store=tyy%2F4io&spotlightTagId=BestsellerId_tyy%2F4io&srno=s_4_79&otracker=search&otracker1=search&fm=organic&iid=e4337540-d388-4cb8-a602-317cd5a28ec9.MOBGTAGPAQNVFZZY.SEARCH&ppt=None&ppn=None&ssid=nf5o1m3qz40000001719166182277&qH=817463f805dcb246,"128 gb rom15.49 cm (6.1 inch) super retina xdr display48mp + 12mp | 12mp front cameraa16 bionic chip, 6 core processor processor1 year warranty for phone and 6 months warranty for in-box accessories"
8,"apple iphone 14 plus (midnight, 128 gb)","₹55,999",https://www.flipkart.com/apple-iphone-14-plus-midnight-128-gb/p/itm4199ea6bcd38b?pid=MOBGHWFH3JX6NWWY&lid=LSTMOBGHWFH3JX6NWWYRH38NG&marketplace=FLIPKART&q=iphone+13+128+GB+4+GB&store=tyy%2F4io&srno=s_4_80&otracker=search&otracker1=search&fm=organic&iid=e4337540-d388-4cb8-a602-317cd5a28ec9.MOBGHWFH3JX6NWWY.SEARCH&ppt=None&ppn=None&ssid=nf5o1m3qz40000001719166182277&qH=817463f805dcb246,"128 gb rom17.02 cm (6.7 inch) super retina xdr display12mp + 12mp | 12mp front cameraa15 bionic chip, 6 core processor processor1 year warranty for phone and 6 months warranty for in-box accessories"
9,"apple iphone 14 plus (starlight, 128 gb)","₹55,999",https://www.flipkart.com/apple-iphone-14-plus-starlight-128-gb/p/itmc922ddc8af349?pid=MOBGHWFHVCB2YZYR&lid=LSTMOBGHWFHVCB2YZYRBDOEVN&marketplace=FLIPKART&q=iphone+13+128+GB+4+GB&store=tyy%2F4io&srno=s_4_81&otracker=search&otracker1=search&fm=organic&iid=e4337540-d388-4cb8-a602-317cd5a28ec9.MOBGHWFHVCB2YZYR.SEARCH&ppt=None&ppn=None&ssid=nf5o1m3qz40000001719166182277&qH=817463f805dcb246,"128 gb rom17.02 cm (6.7 inch) super retina xdr display12mp + 12mp | 12mp front cameraa15 bionic chip, 6 core processor processor1 year warranty for phone and 6 months warranty for in-box accessories"
10,"apple iphone 15 (green, 128 gb)","₹72,999",https://www.flipkart.com/apple-iphone-15-green-128-gb/p/itm235cd318bde73?pid=MOBGTAGPYYWZRUJX&lid=LSTMOBGTAGPYYWZRUJXXIP6YM&marketplace=FLIPKART&q=iphone+13+128+GB+4+GB&store=tyy%2F4io&srno=s_4_82&otracker=search&otracker1=search&fm=organic&iid=e4337540-d388-4cb8-a602-317cd5a28ec9.MOBGTAGPYYWZRUJX.SEARCH&ppt=None&ppn=None&ssid=nf5o1m3qz40000001719166182277&qH=817463f805dcb246,"128 gb rom15.49 cm (6.1 inch) super retina xdr display48mp + 12mp | 12mp front cameraa16 bionic chip, 6 core processor processor1 year warranty for phone and 6 months warranty for in-box accessories"
11,"apple iphone 14 plus (purple, 128 gb)","₹55,999",https://www.flipkart.com/apple-iphone-14-plus-purple-128-gb/p/itm7a759a472d863?pid=MOBGHWFHYFJWRHAG&lid=LSTMOBGHWFHYFJWRHAGIWEYST&marketplace=FLIPKART&q=iphone+13+128+GB+4+GB&store=tyy%2F4io&srno=s_4_83&otracker=search&otracker1=search&fm=organic&iid=e4337540-d388-4cb8-a602-317cd5a28ec9.MOBGHWFHYFJWRHAG.SEARCH&ppt=None&ppn=None&ssid=nf5o1m3qz40000001719166182277&qH=817463f805dcb246,"128 gb rom17.02 cm (6.7 inch) super retina xdr display12mp + 12mp | 12mp front cameraa15 bionic chip, 6 core processor processor1 year warranty for phone and 6 months warranty for in-box accessories"
12,"apple iphone 14 plus ((product)red, 128 gb)","₹55,999",https://www.flipkart.com/apple-iphone-14-plus-product-red-128-gb/p/itm185314a3fac59?pid=MOBGHWFH2KZRNRH5&lid=LSTMOBGHWFH2KZRNRH55498IQ&marketplace=FLIPKART&q=iphone+13+128+GB+4+GB&store=tyy%2F4io&srno=s_4_84&otracker=search&otracker1=search&fm=organic&iid=e4337540-d388-4cb8-a602-317cd5a28ec9.MOBGHWFH2KZRNRH5.SEARCH&ppt=None&ppn=None&ssid=nf5o1m3qz40000001719166182277&qH=817463f805dcb246,"128 gb rom17.02 cm (6.7 inch) super retina xdr display12mp + 12mp | 12mp front cameraa15 bionic chip, 6 core processor processor1 year warranty for phone and 6 months warranty for in-box accessories"
13,"apple iphone 15 (yellow, 128 gb)","₹72,999",https://www.flipkart.com/apple-iphone-15-yellow-128-gb/p/itm825e4ad0b80ca?pid=MOBGTAGPDTKHHHZU&lid=LSTMOBGTAGPDTKHHHZUTQZRMS&marketplace=FLIPKART&q=iphone+13+128+GB+4+GB&store=tyy%2F4io&srno=s_4_85&otracker=search&otracker1=search&fm=organic&iid=e4337540-d388-4cb8-a602-317cd5a28ec9.MOBGTAGPDTKHHHZU.SEARCH&ppt=None&ppn=None&ssid=nf5o1m3qz40000001719166182277&qH=817463f805dcb246,"128 gb rom15.49 cm (6.1 inch) super retina xdr display48mp + 12mp | 12mp front cameraa16 bionic chip, 6 core processor processor1 year warranty for phone and 6 months warranty for in-box accessories"
14,"apple iphone 14 (blue, 128 gb)","₹58,999",https://www.flipkart.com/apple-iphone-14-blue-128-gb/p/itmdb77f40da6b6d?pid=MOBGHWFHSV7GUFWA&lid=LSTMOBGHWFHSV7GUFWAFEQJQ4&marketplace=FLIPKART&q=iphone+13+128+GB+4+GB&store=tyy%2F4io&srno=s_4_86&otracker=search&otracker1=search&fm=organic&iid=e4337540-d388-4cb8-a602-317cd5a28ec9.MOBGHWFHSV7GUFWA.SEARCH&ppt=None&ppn=None&ssid=nf5o1m3qz40000001719166182277&qH=817463f805dcb246,"128 gb rom15.49 cm (6.1 inch) super retina xdr display12mp + 12mp | 12mp front cameraa15 bionic chip, 6 core processor processor1 year warranty for phone and 6 months warranty for in-box accessories"
15,"apple iphone 14 plus (yellow, 128 gb)","₹55,999",https://www.flipkart.com/apple-iphone-14-plus-yellow-128-gb/p/itme660a4bfe5de6?pid=MOBGNHT7DSWFGNRJ&lid=LSTMOBGNHT7DSWFGNRJFCNDHY&marketplace=FLIPKART&q=iphone+13+128+GB+4+GB&store=tyy%2F4io&srno=s_4_87&otracker=search&otracker1=search&fm=organic&iid=e4337540-d388-4cb8-a602-317cd5a28ec9.MOBGNHT7DSWFGNRJ.SEARCH&ppt=None&ppn=None&ssid=nf5o1m3qz40000001719166182277&qH=817463f805dcb246,"128 gb rom17.02 cm (6.7 inch) super retina xdr display12mp + 12mp | 12mp front cameraa15 bionic chip, 6 core processor processor1 year warranty for phone and 6 months warranty for in-box accessories"
16,"apple iphone 15 plus (blue, 128 gb)","₹83,999",https://www.flipkart.com/apple-iphone-15-plus-blue-128-gb/p/itm4022c14383050?pid=MOBGTAGPE4F2HAW7&lid=LSTMOBGTAGPE4F2HAW7NDYSPY&marketplace=FLIPKART&q=iphone+13+128+GB+4+GB&store=tyy%2F4io&srno=s_4_88&otracker=search&otracker1=search&fm=organic&iid=e4337540-d388-4cb8-a602-317cd5a28ec9.MOBGTAGPE4F2HAW7.SEARCH&ppt=None&ppn=None&ssid=nf5o1m3qz40000001719166182277&qH=817463f805dcb246,"128 gb rom17.02 cm (6.7 inch) super retina xdr display48mp + 12mp | 12mp front cameraa16 bionic chip, 6 core processor processor1 year warranty for phone and 6 months warranty for in-box accessories"
17,"apple iphone 15 plus (green, 128 gb)","₹83,999",https://www.flipkart.com/apple-iphone-15-plus-green-128-gb/p/itmaa50abb5e6c3b?pid=MOBGTAGPJVGHTAYC&lid=LSTMOBGTAGPJVGHTAYCTGIMN2&marketplace=FLIPKART&q=iphone+13+128+GB+4+GB&store=tyy%2F4io&srno=s_4_89&otracker=search&otracker1=search&fm=organic&iid=e4337540-d388-4cb8-a602-317cd5a28ec9.MOBGTAGPJVGHTAYC.SEARCH&ppt=None&ppn=None&ssid=nf5o1m3qz40000001719166182277&qH=817463f805dcb246,"128 gb rom17.02 cm (6.7 inch) super retina xdr display48mp + 12mp | 12mp front cameraa16 bionic chip, 6 core processor processor1 year warranty for phone and 6 months warranty for in-box accessories"
18,"apple iphone 12 (blue, 128 gb)","₹44,999",https://www.flipkart.com/apple-iphone-12-blue-128-gb/p/itm02853ae92e90a?pid=MOBFWBYZKPTZF9VG&lid=LSTMOBFWBYZKPTZF9VGHUA0UC&marketplace=FLIPKART&q=iphone+13+128+GB+4+GB&store=tyy%2F4io&srno=s_4_90&otracker=search&otracker1=search&fm=organic&iid=e4337540-d388-4cb8-a602-317cd5a28ec9.MOBFWBYZKPTZF9VG.SEARCH&ppt=None&ppn=None&ssid=nf5o1m3qz40000001719166182277&qH=817463f805dcb246,"128 gb rom15.49 cm (6.1 inch) super retina xdr display12mp + 12mp | 12mp front cameraa14 bionic chip with next generation neural engine processorceramic shieldindustry-leading ip68 water resistanceall screen oled display12mp truedepth front camera with night mode, 4k dolby vision hdr recordingbrand warranty for 1 year"
19,"apple iphone 15 (pink, 128 gb)","₹73,999",https://www.flipkart.com/apple-iphone-15-pink-128-gb/p/itm7579ed94ca647?pid=MOBGTAGPNMZA5PU5&lid=LSTMOBGTAGPNMZA5PU51YWTGZ&marketplace=FLIPKART&q=iphone+13+128+GB+4+GB&store=tyy%2F4io&srno=s_4_91&otracker=search&otracker1=search&fm=organic&iid=e4337540-d388-4cb8-a602-317cd5a28ec9.MOBGTAGPNMZA5PU5.SEARCH&ppt=None&ppn=None&ssid=nf5o1m3qz40000001719166182277&qH=817463f805dcb246,"128 gb rom15.49 cm (6.1 inch) super retina xdr display48mp + 12mp | 12mp front cameraa16 bionic chip, 6 core processor processor1 year warranty for phone and 6 months warranty for in-box accessories"
20,"apple iphone 15 plus (yellow, 128 gb)","₹83,999",https://www.flipkart.com/apple-iphone-15-plus-yellow-128-gb/p/itm94bb31f2af05a?pid=MOBGTAGPVSMQYGZX&lid=LSTMOBGTAGPVSMQYGZXNTFFPK&marketplace=FLIPKART&q=iphone+13+128+GB+4+GB&store=tyy%2F4io&srno=s_4_92&otracker=search&otracker1=search&fm=organic&iid=e4337540-d388-4cb8-a602-317cd5a28ec9.MOBGTAGPVSMQYGZX.SEARCH&ppt=None&ppn=None&ssid=nf5o1m3qz40000001719166182277&qH=817463f805dcb246,"128 gb rom17.02 cm (6.7 inch) super retina xdr display48mp + 12mp | 12mp front cameraa16 bionic chip, 6 core processor processor1 year warranty for phone and 6 months warranty for in-box accessories"
21,"apple iphone 15 plus (black, 128 gb)","₹83,999",https://www.flipkart.com/apple-iphone-15-plus-black-128-gb/p/itme3a53984760fb?pid=MOBGTAGPNRQA7CS3&lid=LSTMOBGTAGPNRQA7CS3L7XK7L&marketplace=FLIPKART&q=iphone+13+128+GB+4+GB&store=tyy%2F4io&srno=s_4_93&otracker=search&otracker1=search&fm=organic&iid=e4337540-d388-4cb8-a602-317cd5a28ec9.MOBGTAGPNRQA7CS3.SEARCH&ppt=None&ppn=None&ssid=nf5o1m3qz40000001719166182277&qH=817463f805dcb246,"128 gb rom17.02 cm (6.7 inch) super retina xdr display48mp + 12mp | 12mp front cameraa16 bionic chip, 6 core processor processor1 year warranty for phone and 6 months warranty for in-box accessories"
22,"apple iphone 15 plus (pink, 128 gb)","₹83,999",https://www.flipkart.com/apple-iphone-15-plus-pink-128-gb/p/itmecb6209a78172?pid=MOBGTAGPXUWEXXWY&lid=LSTMOBGTAGPXUWEXXWYKVXCUT&marketplace=FLIPKART&q=iphone+13+128+GB+4+GB&store=tyy%2F4io&srno=s_4_94&otracker=search&otracker1=search&fm=organic&iid=e4337540-d388-4cb8-a602-317cd5a28ec9.MOBGTAGPXUWEXXWY.SEARCH&ppt=None&ppn=None&ssid=nf5o1m3qz40000001719166182277&qH=817463f805dcb246,"128 gb rom17.02 cm (6.7 inch) super retina xdr display48mp + 12mp | 12mp front cameraa16 bionic chip, 6 core processor processor1 year warranty for phone and 6 months warranty for in-box accessories"
23,"apple iphone 15 pro (white titanium, 128 gb)","₹1,27,990",https://www.flipkart.com/apple-iphone-15-pro-white-titanium-128-gb/p/itm786eaa7ec159e?pid=MOBGTAGPFGSCNHJF&lid=LSTMOBGTAGPFGSCNHJFXSQFMF&marketplace=FLIPKART&q=iphone+13+128+GB+4+GB&store=tyy%2F4io&srno=s_4_95&otracker=search&otracker1=search&fm=organic&iid=e4337540-d388-4cb8-a602-317cd5a28ec9.MOBGTAGPFGSCNHJF.SEARCH&ppt=None&ppn=None&ssid=nf5o1m3qz40000001719166182277&qH=817463f805dcb246,"128 gb rom15.49 cm (6.1 inch) super retina xdr display48mp + 12mp + 12mp | 12mp front cameraa17 pro chip, 6 core processor processor1 year warranty for phone and 6 months warranty for in-box accessories"
24,"apple iphone 15 pro (black titanium, 128 gb)","₹1,27,990",https://www.flipkart.com/apple-iphone-15-pro-black-titanium-128-gb/p/itm96f61fdd7e604?pid=MOBGTAGPJTMGZC9U&lid=LSTMOBGTAGPJTMGZC9U35JOZB&marketplace=FLIPKART&q=iphone+13+128+GB+4+GB&store=tyy%2F4io&srno=s_4_96&otracker=search&otracker1=search&fm=organic&iid=e4337540-d388-4cb8-a602-317cd5a28ec9.MOBGTAGPJTMGZC9U.SEARCH&ppt=None&ppn=None&ssid=nf5o1m3qz40000001719166182277&qH=817463f805dcb246,"128 gb rom15.49 cm (6.1 inch) super retina xdr display48mp + 12mp + 12mp | 12mp front cameraa17 pro chip, 6 core processor processor1 year warranty for phone and 6 months warranty for in-box accessories"
